gig_title,company,description,budget_min_usd,budget_max_usd,duration_weeks,location,required_skills,url,career_title
Freelance Project: Data Scientist Expert Needed,PeoplePerHour,Seeking a skilled professional in Data Scientist for a project on a popular freelance platform.,1961,4729,3,Remote,"Skill A, Skill B, Data Scientist expertise",https://example.com/gig/data-scientist-1,Data Scientist
Freelance Project: Data Scientist Expert Needed,Upwork,Seeking a skilled professional in Data Scientist for a project on a popular freelance platform.,631,3166,4,Remote,"Skill A, Skill B, Data Scientist expertise",https://example.com/gig/data-scientist-2,Data Scientist
Freelance Project: AI Engineer Expert Needed,Guru,Seeking a skilled professional in AI Engineer for a project on a popular freelance platform.,594,3521,4,Onsite,"Skill A, Skill B, AI Engineer expertise",https://example.com/gig/ai-engineer-1,AI Engineer
Freelance Project: AI Engineer Expert Needed,Upwork,Seeking a skilled professional in AI Engineer for a project on a popular freelance platform.,1047,3071,4,Onsite,"Skill A, Skill B, AI Engineer expertise",https://example.com/gig/ai-engineer-2,AI Engineer
Freelance Project: Cybersecurity Analyst Expert Needed,Freelancer,Seeking a skilled professional in Cybersecurity Analyst for a project on a popular freelance platform.,1726,2504,4,Onsite,"Skill A, Skill B, Cybersecurity Analyst expertise",https://example.com/gig/cybersecurity-analyst-1,Cybersecurity Analyst
Freelance Project: Cybersecurity Analyst Expert Needed,Fiverr,Seeking a skilled professional in Cybersecurity Analyst for a project on a popular freelance platform.,1760,4590,3,Hybrid,"Skill A, Skill B, Cybersecurity Analyst expertise",https://example.com/gig/cybersecurity-analyst-2,Cybersecurity Analyst
Freelance Project: UX/UI Designer Expert Needed,Guru,Seeking a skilled professional in UX/UI Designer for a project on a popular freelance platform.,657,2695,5,Onsite,"Skill A, Skill B, UX/UI Designer expertise",https://example.com/gig/ux/ui-designer-1,UX/UI Designer
Freelance Project: UX/UI Designer Expert Needed,PeoplePerHour,Seeking a skilled professional in UX/UI Designer for a project on a popular freelance platform.,1554,2723,2,Onsite,"Skill A, Skill B, UX/UI Designer expertise",https://example.com/gig/ux/ui-designer-2,UX/UI Designer
Freelance Project: Cloud Solutions Architect Expert Needed,Fiverr,Seeking a skilled professional in Cloud Solutions Architect for a project on a popular freelance platform.,1535,3162,3,Hybrid,"Skill A, Skill B, Cloud Solutions Architect expertise",https://example.com/gig/cloud-solutions-architect-1,Cloud Solutions Architect
Freelance Project: Cloud Solutions Architect Expert Needed,Guru,Seeking a skilled professional in Cloud Solutions Architect for a project on a popular freelance platform.,1025,3172,6,Hybrid,"Skill A, Skill B, Cloud Solutions Architect expertise",https://example.com/gig/cloud-solutions-architect-2,Cloud Solutions Architect
Freelance Project: Blockchain Developer Expert Needed,Freelancer,Seeking a skilled professional in Blockchain Developer for a project on a popular freelance platform.,574,4756,4,Hybrid,"Skill A, Skill B, Blockchain Developer expertise",https://example.com/gig/blockchain-developer-1,Blockchain Developer
Freelance Project: Blockchain Developer Expert Needed,Fiverr,Seeking a skilled professional in Blockchain Developer for a project on a popular freelance platform.,1295,2532,6,Remote,"Skill A, Skill B, Blockchain Developer expertise",https://example.com/gig/blockchain-developer-2,Blockchain Developer
Freelance Project: Game Developer Expert Needed,Guru,Seeking a skilled professional in Game Developer for a project on a popular freelance platform.,667,4821,2,Hybrid,"Skill A, Skill B, Game Developer expertise",https://example.com/gig/game-developer-1,Game Developer
Freelance Project: Game Developer Expert Needed,Fiverr,Seeking a skilled professional in Game Developer for a project on a popular freelance platform.,548,3685,5,Hybrid,"Skill A, Skill B, Game Developer expertise",https://example.com/gig/game-developer-2,Game Developer
Freelance Project: Digital Marketing Specialist Expert Needed,Toptal,Seeking a skilled professional in Digital Marketing Specialist for a project on a popular freelance platform.,750,2582,2,Hybrid,"Skill A, Skill B, Digital Marketing Specialist expertise",https://example.com/gig/digital-marketing-specialist-1,Digital Marketing Specialist
Freelance Project: Digital Marketing Specialist Expert Needed,Fiverr,Seeking a skilled professional in Digital Marketing Specialist for a project on a popular freelance platform.,1994,3129,3,Remote,"Skill A, Skill B, Digital Marketing Specialist expertise",https://example.com/gig/digital-marketing-specialist-2,Digital Marketing Specialist
Freelance Project: Robotics Engineer Expert Needed,Guru,Seeking a skilled professional in Robotics Engineer for a project on a popular freelance platform.,843,4292,7,Onsite,"Skill A, Skill B, Robotics Engineer expertise",https://example.com/gig/robotics-engineer-1,Robotics Engineer
Freelance Project: Robotics Engineer Expert Needed,Fiverr,Seeking a skilled professional in Robotics Engineer for a project on a popular freelance platform.,1000,3561,2,Remote,"Skill A, Skill B, Robotics Engineer expertise",https://example.com/gig/robotics-engineer-2,Robotics Engineer
Freelance Project: Mobile App Developer Expert Needed,Guru,Seeking a skilled professional in Mobile App Developer for a project on a popular freelance platform.,1811,4021,5,Remote,"Skill A, Skill B, Mobile App Developer expertise",https://example.com/gig/mobile-app-developer-1,Mobile App Developer
Freelance Project: Mobile App Developer Expert Needed,Toptal,Seeking a skilled professional in Mobile App Developer for a project on a popular freelance platform.,947,4259,5,Hybrid,"Skill A, Skill B, Mobile App Developer expertise",https://example.com/gig/mobile-app-developer-2,Mobile App Developer
Freelance Project: Data Analyst Expert Needed,Guru,Seeking a skilled professional in Data Analyst for a project on a popular freelance platform.,1499,2968,3,Onsite,"Skill A, Skill B, Data Analyst expertise",https://example.com/gig/data-analyst-1,Data Analyst
Freelance Project: Data Analyst Expert Needed,Toptal,Seeking a skilled professional in Data Analyst for a project on a popular freelance platform.,1416,3149,4,Hybrid,"Skill A, Skill B, Data Analyst expertise",https://example.com/gig/data-analyst-2,Data Analyst
Freelance Project: Full Stack Developer Expert Needed,Guru,Seeking a skilled professional in Full Stack Developer for a project on a popular freelance platform.,680,3129,6,Hybrid,"Skill A, Skill B, Full Stack Developer expertise",https://example.com/gig/full-stack-developer-1,Full Stack Developer
Freelance Project: Full Stack Developer Expert Needed,PeoplePerHour,Seeking a skilled professional in Full Stack Developer for a project on a popular freelance platform.,1912,2611,2,Hybrid,"Skill A, Skill B, Full Stack Developer expertise",https://example.com/gig/full-stack-developer-2,Full Stack Developer
Freelance Project: Product Manager Expert Needed,PeoplePerHour,Seeking a skilled professional in Product Manager for a project on a popular freelance platform.,705,4454,6,Remote,"Skill A, Skill B, Product Manager expertise",https://example.com/gig/product-manager-1,Product Manager
Freelance Project: Product Manager Expert Needed,Upwork,Seeking a skilled professional in Product Manager for a project on a popular freelance platform.,1858,3414,7,Remote,"Skill A, Skill B, Product Manager expertise",https://example.com/gig/product-manager-2,Product Manager
Freelance Project: Bioinformatics Scientist Expert Needed,Freelancer,Seeking a skilled professional in Bioinformatics Scientist for a project on a popular freelance platform.,643,2863,2,Hybrid,"Skill A, Skill B, Bioinformatics Scientist expertise",https://example.com/gig/bioinformatics-scientist-1,Bioinformatics Scientist
Freelance Project: Bioinformatics Scientist Expert Needed,Guru,Seeking a skilled professional in Bioinformatics Scientist for a project on a popular freelance platform.,1949,3678,2,Hybrid,"Skill A, Skill B, Bioinformatics Scientist expertise",https://example.com/gig/bioinformatics-scientist-2,Bioinformatics Scientist
Freelance Project: Embedded Systems Engineer Expert Needed,Freelancer,Seeking a skilled professional in Embedded Systems Engineer for a project on a popular freelance platform.,1722,2743,2,Onsite,"Skill A, Skill B, Embedded Systems Engineer expertise",https://example.com/gig/embedded-systems-engineer-1,Embedded Systems Engineer
Freelance Project: Embedded Systems Engineer Expert Needed,Fiverr,Seeking a skilled professional in Embedded Systems Engineer for a project on a popular freelance platform.,578,3060,4,Onsite,"Skill A, Skill B, Embedded Systems Engineer expertise",https://example.com/gig/embedded-systems-engineer-2,Embedded Systems Engineer
Freelance Project: Machine Learning Engineer Expert Needed,Freelancer,Seeking a skilled professional in Machine Learning Engineer for a project on a popular freelance platform.,1454,2632,2,Remote,"Skill A, Skill B, Machine Learning Engineer expertise",https://example.com/gig/machine-learning-engineer-1,Machine Learning Engineer
Freelance Project: Machine Learning Engineer Expert Needed,Upwork,Seeking a skilled professional in Machine Learning Engineer for a project on a popular freelance platform.,1006,3579,6,Remote,"Skill A, Skill B, Machine Learning Engineer expertise",https://example.com/gig/machine-learning-engineer-2,Machine Learning Engineer
Freelance Project: Network Engineer Expert Needed,Guru,Seeking a skilled professional in Network Engineer for a project on a popular freelance platform.,1003,2902,3,Remote,"Skill A, Skill B, Network Engineer expertise",https://example.com/gig/network-engineer-1,Network Engineer
Freelance Project: Network Engineer Expert Needed,Freelancer,Seeking a skilled professional in Network Engineer for a project on a popular freelance platform.,1590,3508,2,Hybrid,"Skill A, Skill B, Network Engineer expertise",https://example.com/gig/network-engineer-2,Network Engineer
Freelance Project: DevOps Engineer Expert Needed,Guru,Seeking a skilled professional in DevOps Engineer for a project on a popular freelance platform.,1507,4805,7,Remote,"Skill A, Skill B, DevOps Engineer expertise",https://example.com/gig/devops-engineer-1,DevOps Engineer
Freelance Project: DevOps Engineer Expert Needed,PeoplePerHour,Seeking a skilled professional in DevOps Engineer for a project on a popular freelance platform.,1086,2983,6,Hybrid,"Skill A, Skill B, DevOps Engineer expertise",https://example.com/gig/devops-engineer-2,DevOps Engineer
Freelance Project: AR/VR Developer Expert Needed,Fiverr,Seeking a skilled professional in AR/VR Developer for a project on a popular freelance platform.,940,2746,5,Remote,"Skill A, Skill B, AR/VR Developer expertise",https://example.com/gig/ar/vr-developer-1,AR/VR Developer
Freelance Project: AR/VR Developer Expert Needed,Fiverr,Seeking a skilled professional in AR/VR Developer for a project on a popular freelance platform.,1477,2858,2,Onsite,"Skill A, Skill B, AR/VR Developer expertise",https://example.com/gig/ar/vr-developer-2,AR/VR Developer
Freelance Project: Ethical Hacker Expert Needed,Upwork,Seeking a skilled professional in Ethical Hacker for a project on a popular freelance platform.,1573,3614,4,Remote,"Skill A, Skill B, Ethical Hacker expertise",https://example.com/gig/ethical-hacker-1,Ethical Hacker
Freelance Project: Ethical Hacker Expert Needed,Guru,Seeking a skilled professional in Ethical Hacker for a project on a popular freelance platform.,1966,3612,6,Remote,"Skill A, Skill B, Ethical Hacker expertise",https://example.com/gig/ethical-hacker-2,Ethical Hacker
Freelance Project: Full-Stack Developer Expert Needed,Guru,Seeking a skilled professional in Full-Stack Developer for a project on a popular freelance platform.,1436,4701,6,Hybrid,"Skill A, Skill B, Full-Stack Developer expertise",https://example.com/gig/full-stack-developer-1,Full-Stack Developer
Freelance Project: Full-Stack Developer Expert Needed,Fiverr,Seeking a skilled professional in Full-Stack Developer for a project on a popular freelance platform.,868,4224,5,Remote,"Skill A, Skill B, Full-Stack Developer expertise",https://example.com/gig/full-stack-developer-2,Full-Stack Developer
Freelance Project: Data Engineer Expert Needed,Fiverr,Seeking a skilled professional in Data Engineer for a project on a popular freelance platform.,1901,2623,5,Remote,"Skill A, Skill B, Data Engineer expertise",https://example.com/gig/data-engineer-1,Data Engineer
Freelance Project: Data Engineer Expert Needed,Freelancer,Seeking a skilled professional in Data Engineer for a project on a popular freelance platform.,1511,4476,6,Remote,"Skill A, Skill B, Data Engineer expertise",https://example.com/gig/data-engineer-2,Data Engineer
Freelance Project: UX Researcher Expert Needed,Upwork,Seeking a skilled professional in UX Researcher for a project on a popular freelance platform.,1515,4350,5,Onsite,"Skill A, Skill B, UX Researcher expertise",https://example.com/gig/ux-researcher-1,UX Researcher
Freelance Project: UX Researcher Expert Needed,Freelancer,Seeking a skilled professional in UX Researcher for a project on a popular freelance platform.,1399,3756,7,Remote,"Skill A, Skill B, UX Researcher expertise",https://example.com/gig/ux-researcher-2,UX Researcher
Freelance Project: IoT Developer Expert Needed,Upwork,Seeking a skilled professional in IoT Developer for a project on a popular freelance platform.,1361,3754,2,Remote,"Skill A, Skill B, IoT Developer expertise",https://example.com/gig/iot-developer-1,IoT Developer
Freelance Project: IoT Developer Expert Needed,Upwork,Seeking a skilled professional in IoT Developer for a project on a popular freelance platform.,1523,2971,3,Hybrid,"Skill A, Skill B, IoT Developer expertise",https://example.com/gig/iot-developer-2,IoT Developer
Freelance Project: Cloud Security Engineer Expert Needed,Guru,Seeking a skilled professional in Cloud Security Engineer for a project on a popular freelance platform.,1485,2509,7,Onsite,"Skill A, Skill B, Cloud Security Engineer expertise",https://example.com/gig/cloud-security-engineer-1,Cloud Security Engineer
Freelance Project: Cloud Security Engineer Expert Needed,Upwork,Seeking a skilled professional in Cloud Security Engineer for a project on a popular freelance platform.,1261,4855,4,Hybrid,"Skill A, Skill B, Cloud Security Engineer expertise",https://example.com/gig/cloud-security-engineer-2,Cloud Security Engineer
Freelance Project: Technical Writer Expert Needed,Fiverr,Seeking a skilled professional in Technical Writer for a project on a popular freelance platform.,1787,3195,7,Remote,"Skill A, Skill B, Technical Writer expertise",https://example.com/gig/technical-writer-1,Technical Writer
Freelance Project: Technical Writer Expert Needed,Freelancer,Seeking a skilled professional in Technical Writer for a project on a popular freelance platform.,1164,4126,6,Remote,"Skill A, Skill B, Technical Writer expertise",https://example.com/gig/technical-writer-2,Technical Writer
Freelance Project: Site Reliability Engineer (SRE) Expert Needed,Guru,Seeking a skilled professional in Site Reliability Engineer (SRE) for a project on a popular freelance platform.,521,4734,2,Hybrid,"Skill A, Skill B, Site Reliability Engineer (SRE) expertise",https://example.com/gig/site-reliability-engineer-(sre)-1,Site Reliability Engineer (SRE)
Freelance Project: Site Reliability Engineer (SRE) Expert Needed,PeoplePerHour,Seeking a skilled professional in Site Reliability Engineer (SRE) for a project on a popular freelance platform.,976,3203,5,Hybrid,"Skill A, Skill B, Site Reliability Engineer (SRE) expertise",https://example.com/gig/site-reliability-engineer-(sre)-2,Site Reliability Engineer (SRE)
Freelance Project: Financial Analyst Expert Needed,Upwork,Seeking a skilled professional in Financial Analyst for a project on a popular freelance platform.,1221,3730,6,Hybrid,"Skill A, Skill B, Financial Analyst expertise",https://example.com/gig/financial-analyst-1,Financial Analyst
Freelance Project: Financial Analyst Expert Needed,Guru,Seeking a skilled professional in Financial Analyst for a project on a popular freelance platform.,1649,3912,6,Hybrid,"Skill A, Skill B, Financial Analyst expertise",https://example.com/gig/financial-analyst-2,Financial Analyst
Freelance Project: Quantum Computing Engineer Expert Needed,Guru,Seeking a skilled professional in Quantum Computing Engineer for a project on a popular freelance platform.,693,4555,6,Hybrid,"Skill A, Skill B, Quantum Computing Engineer expertise",https://example.com/gig/quantum-computing-engineer-1,Quantum Computing Engineer
Freelance Project: Quantum Computing Engineer Expert Needed,Toptal,Seeking a skilled professional in Quantum Computing Engineer for a project on a popular freelance platform.,512,4344,6,Remote,"Skill A, Skill B, Quantum Computing Engineer expertise",https://example.com/gig/quantum-computing-engineer-2,Quantum Computing Engineer
Freelance Project: Database Administrator Expert Needed,PeoplePerHour,Seeking a skilled professional in Database Administrator for a project on a popular freelance platform.,1364,3742,2,Remote,"Skill A, Skill B, Database Administrator expertise",https://example.com/gig/database-administrator-1,Database Administrator
Freelance Project: Database Administrator Expert Needed,Toptal,Seeking a skilled professional in Database Administrator for a project on a popular freelance platform.,766,2749,4,Onsite,"Skill A, Skill B, Database Administrator expertise",https://example.com/gig/database-administrator-2,Database Administrator
Freelance Project: Aerospace Engineer Expert Needed,Toptal,Seeking a skilled professional in Aerospace Engineer for a project on a popular freelance platform.,1356,4025,5,Hybrid,"Skill A, Skill B, Aerospace Engineer expertise",https://example.com/gig/aerospace-engineer-1,Aerospace Engineer
Freelance Project: Aerospace Engineer Expert Needed,Guru,Seeking a skilled professional in Aerospace Engineer for a project on a popular freelance platform.,1064,4762,2,Hybrid,"Skill A, Skill B, Aerospace Engineer expertise",https://example.com/gig/aerospace-engineer-2,Aerospace Engineer
Freelance Project: Human Resources Manager Expert Needed,Guru,Seeking a skilled professional in Human Resources Manager for a project on a popular freelance platform.,773,3773,6,Onsite,"Skill A, Skill B, Human Resources Manager expertise",https://example.com/gig/human-resources-manager-1,Human Resources Manager
Freelance Project: Human Resources Manager Expert Needed,Fiverr,Seeking a skilled professional in Human Resources Manager for a project on a popular freelance platform.,1549,4209,4,Hybrid,"Skill A, Skill B, Human Resources Manager expertise",https://example.com/gig/human-resources-manager-2,Human Resources Manager
Freelance Project: Project Manager Expert Needed,Guru,Seeking a skilled professional in Project Manager for a project on a popular freelance platform.,957,4792,7,Onsite,"Skill A, Skill B, Project Manager expertise",https://example.com/gig/project-manager-1,Project Manager
Freelance Project: Project Manager Expert Needed,PeoplePerHour,Seeking a skilled professional in Project Manager for a project on a popular freelance platform.,607,3756,3,Hybrid,"Skill A, Skill B, Project Manager expertise",https://example.com/gig/project-manager-2,Project Manager
Freelance Project: Social Media Manager Expert Needed,Freelancer,Seeking a skilled professional in Social Media Manager for a project on a popular freelance platform.,1222,2943,3,Hybrid,"Skill A, Skill B, Social Media Manager expertise",https://example.com/gig/social-media-manager-1,Social Media Manager
Freelance Project: Social Media Manager Expert Needed,Upwork,Seeking a skilled professional in Social Media Manager for a project on a popular freelance platform.,1946,3086,5,Remote,"Skill A, Skill B, Social Media Manager expertise",https://example.com/gig/social-media-manager-2,Social Media Manager
Freelance Project: Electrical Engineer Expert Needed,Guru,Seeking a skilled professional in Electrical Engineer for a project on a popular freelance platform.,579,4818,4,Onsite,"Skill A, Skill B, Electrical Engineer expertise",https://example.com/gig/electrical-engineer-1,Electrical Engineer
Freelance Project: Electrical Engineer Expert Needed,Fiverr,Seeking a skilled professional in Electrical Engineer for a project on a popular freelance platform.,785,4500,2,Onsite,"Skill A, Skill B, Electrical Engineer expertise",https://example.com/gig/electrical-engineer-2,Electrical Engineer
Freelance Project: Business Analyst Expert Needed,Toptal,Seeking a skilled professional in Business Analyst for a project on a popular freelance platform.,529,3797,4,Hybrid,"Skill A, Skill B, Business Analyst expertise",https://example.com/gig/business-analyst-1,Business Analyst
Freelance Project: Business Analyst Expert Needed,Upwork,Seeking a skilled professional in Business Analyst for a project on a popular freelance platform.,836,4450,6,Remote,"Skill A, Skill B, Business Analyst expertise",https://example.com/gig/business-analyst-2,Business Analyst
Freelance Project: Robotics Process Automation (RPA) Developer Expert Needed,Guru,Seeking a skilled professional in Robotics Process Automation (RPA) Developer for a project on a popular freelance platform.,1145,4118,2,Onsite,"Skill A, Skill B, Robotics Process Automation (RPA) Developer expertise",https://example.com/gig/robotics-process-automation-(rpa)-developer-1,Robotics Process Automation (RPA) Developer
Freelance Project: Robotics Process Automation (RPA) Developer Expert Needed,Toptal,Seeking a skilled professional in Robotics Process Automation (RPA) Developer for a project on a popular freelance platform.,1239,2959,5,Remote,"Skill A, Skill B, Robotics Process Automation (RPA) Developer expertise",https://example.com/gig/robotics-process-automation-(rpa)-developer-2,Robotics Process Automation (RPA) Developer
Freelance Project: Game Designer Expert Needed,PeoplePerHour,Seeking a skilled professional in Game Designer for a project on a popular freelance platform.,1514,3234,6,Hybrid,"Skill A, Skill B, Game Designer expertise",https://example.com/gig/game-designer-1,Game Designer
Freelance Project: Game Designer Expert Needed,Toptal,Seeking a skilled professional in Game Designer for a project on a popular freelance platform.,1591,4421,4,Hybrid,"Skill A, Skill B, Game Designer expertise",https://example.com/gig/game-designer-2,Game Designer
Freelance Project: Data Visualization Specialist Expert Needed,Toptal,Seeking a skilled professional in Data Visualization Specialist for a project on a popular freelance platform.,1197,3788,6,Remote,"Skill A, Skill B, Data Visualization Specialist expertise",https://example.com/gig/data-visualization-specialist-1,Data Visualization Specialist
Freelance Project: Data Visualization Specialist Expert Needed,Freelancer,Seeking a skilled professional in Data Visualization Specialist for a project on a popular freelance platform.,1900,4663,4,Remote,"Skill A, Skill B, Data Visualization Specialist expertise",https://example.com/gig/data-visualization-specialist-2,Data Visualization Specialist
Freelance Project: Network Security Engineer Expert Needed,PeoplePerHour,Seeking a skilled professional in Network Security Engineer for a project on a popular freelance platform.,1241,2973,7,Remote,"Skill A, Skill B, Network Security Engineer expertise",https://example.com/gig/network-security-engineer-1,Network Security Engineer
Freelance Project: Network Security Engineer Expert Needed,Upwork,Seeking a skilled professional in Network Security Engineer for a project on a popular freelance platform.,1503,4457,3,Onsite,"Skill A, Skill B, Network Security Engineer expertise",https://example.com/gig/network-security-engineer-2,Network Security Engineer
Freelance Project: Systems Analyst Expert Needed,Upwork,Seeking a skilled professional in Systems Analyst for a project on a popular freelance platform.,1231,2934,3,Remote,"Skill A, Skill B, Systems Analyst expertise",https://example.com/gig/systems-analyst-1,Systems Analyst
Freelance Project: Systems Analyst Expert Needed,Toptal,Seeking a skilled professional in Systems Analyst for a project on a popular freelance platform.,640,2540,4,Onsite,"Skill A, Skill B, Systems Analyst expertise",https://example.com/gig/systems-analyst-2,Systems Analyst
Freelance Project: Content Strategist Expert Needed,Fiverr,Seeking a skilled professional in Content Strategist for a project on a popular freelance platform.,639,4644,3,Onsite,"Skill A, Skill B, Content Strategist expertise",https://example.com/gig/content-strategist-1,Content Strategist
Freelance Project: Content Strategist Expert Needed,Guru,Seeking a skilled professional in Content Strategist for a project on a popular freelance platform.,1543,2573,2,Remote,"Skill A, Skill B, Content Strategist expertise",https://example.com/gig/content-strategist-2,Content Strategist
Freelance Project: UX Writer Expert Needed,Guru,Seeking a skilled professional in UX Writer for a project on a popular freelance platform.,1164,2513,5,Hybrid,"Skill A, Skill B, UX Writer expertise",https://example.com/gig/ux-writer-1,UX Writer
Freelance Project: UX Writer Expert Needed,Freelancer,Seeking a skilled professional in UX Writer for a project on a popular freelance platform.,1534,3672,2,Onsite,"Skill A, Skill B, UX Writer expertise",https://example.com/gig/ux-writer-2,UX Writer
Freelance Project: Podiatrist Expert Needed,Upwork,Seeking a skilled professional in Podiatrist for a project on a popular freelance platform.,1853,3763,7,Remote,"Skill A, Skill B, Podiatrist expertise",https://example.com/gig/podiatrist-1,Podiatrist
Freelance Project: Podiatrist Expert Needed,Toptal,Seeking a skilled professional in Podiatrist for a project on a popular freelance platform.,1043,2653,4,Hybrid,"Skill A, Skill B, Podiatrist expertise",https://example.com/gig/podiatrist-2,Podiatrist
Freelance Project: Urban Planner Expert Needed,Freelancer,Seeking a skilled professional in Urban Planner for a project on a popular freelance platform.,860,2500,6,Onsite,"Skill A, Skill B, Urban Planner expertise",https://example.com/gig/urban-planner-1,Urban Planner
Freelance Project: Urban Planner Expert Needed,Upwork,Seeking a skilled professional in Urban Planner for a project on a popular freelance platform.,718,3921,5,Onsite,"Skill A, Skill B, Urban Planner expertise",https://example.com/gig/urban-planner-2,Urban Planner
Freelance Project: Dietetic Technician Expert Needed,PeoplePerHour,Seeking a skilled professional in Dietetic Technician for a project on a popular freelance platform.,871,4145,5,Onsite,"Skill A, Skill B, Dietetic Technician expertise",https://example.com/gig/dietetic-technician-1,Dietetic Technician
Freelance Project: Dietetic Technician Expert Needed,PeoplePerHour,Seeking a skilled professional in Dietetic Technician for a project on a popular freelance platform.,1330,2985,5,Remote,"Skill A, Skill B, Dietetic Technician expertise",https://example.com/gig/dietetic-technician-2,Dietetic Technician
Freelance Project: Forensic Scientist Expert Needed,Freelancer,Seeking a skilled professional in Forensic Scientist for a project on a popular freelance platform.,1273,4274,7,Onsite,"Skill A, Skill B, Forensic Scientist expertise",https://example.com/gig/forensic-scientist-1,Forensic Scientist
Freelance Project: Forensic Scientist Expert Needed,Freelancer,Seeking a skilled professional in Forensic Scientist for a project on a popular freelance platform.,1093,4520,6,Remote,"Skill A, Skill B, Forensic Scientist expertise",https://example.com/gig/forensic-scientist-2,Forensic Scientist
Freelance Project: Chiropractor Expert Needed,PeoplePerHour,Seeking a skilled professional in Chiropractor for a project on a popular freelance platform.,1530,4543,2,Remote,"Skill A, Skill B, Chiropractor expertise",https://example.com/gig/chiropractor-1,Chiropractor
Freelance Project: Chiropractor Expert Needed,Toptal,Seeking a skilled professional in Chiropractor for a project on a popular freelance platform.,1687,4380,3,Remote,"Skill A, Skill B, Chiropractor expertise",https://example.com/gig/chiropractor-2,Chiropractor
Freelance Project: Copywriter Expert Needed,Toptal,Seeking a skilled professional in Copywriter for a project on a popular freelance platform.,777,3817,7,Hybrid,"Skill A, Skill B, Copywriter expertise",https://example.com/gig/copywriter-1,Copywriter
Freelance Project: Copywriter Expert Needed,Freelancer,Seeking a skilled professional in Copywriter for a project on a popular freelance platform.,736,4075,6,Onsite,"Skill A, Skill B, Copywriter expertise",https://example.com/gig/copywriter-2,Copywriter
Freelance Project: Optometrist Expert Needed,Freelancer,Seeking a skilled professional in Optometrist for a project on a popular freelance platform.,566,4815,3,Remote,"Skill A, Skill B, Optometrist expertise",https://example.com/gig/optometrist-1,Optometrist
Freelance Project: Optometrist Expert Needed,Toptal,Seeking a skilled professional in Optometrist for a project on a popular freelance platform.,974,3789,2,Onsite,"Skill A, Skill B, Optometrist expertise",https://example.com/gig/optometrist-2,Optometrist
Freelance Project: Industrial Designer Expert Needed,Guru,Seeking a skilled professional in Industrial Designer for a project on a popular freelance platform.,1652,3300,2,Onsite,"Skill A, Skill B, Industrial Designer expertise",https://example.com/gig/industrial-designer-1,Industrial Designer
Freelance Project: Industrial Designer Expert Needed,Freelancer,Seeking a skilled professional in Industrial Designer for a project on a popular freelance platform.,953,4638,4,Remote,"Skill A, Skill B, Industrial Designer expertise",https://example.com/gig/industrial-designer-2,Industrial Designer
Freelance Project: Public Relations Specialist Expert Needed,Freelancer,Seeking a skilled professional in Public Relations Specialist for a project on a popular freelance platform.,1978,4945,5,Remote,"Skill A, Skill B, Public Relations Specialist expertise",https://example.com/gig/public-relations-specialist-1,Public Relations Specialist
Freelance Project: Public Relations Specialist Expert Needed,Fiverr,Seeking a skilled professional in Public Relations Specialist for a project on a popular freelance platform.,1472,4784,3,Remote,"Skill A, Skill B, Public Relations Specialist expertise",https://example.com/gig/public-relations-specialist-2,Public Relations Specialist
Freelance Project: Occupational Therapist Expert Needed,Fiverr,Seeking a skilled professional in Occupational Therapist for a project on a popular freelance platform.,735,3951,7,Onsite,"Skill A, Skill B, Occupational Therapist expertise",https://example.com/gig/occupational-therapist-1,Occupational Therapist
Freelance Project: Occupational Therapist Expert Needed,PeoplePerHour,Seeking a skilled professional in Occupational Therapist for a project on a popular freelance platform.,996,3139,2,Hybrid,"Skill A, Skill B, Occupational Therapist expertise",https://example.com/gig/occupational-therapist-2,Occupational Therapist
Freelance Project: Linguist Expert Needed,Guru,Seeking a skilled professional in Linguist for a project on a popular freelance platform.,711,2631,5,Remote,"Skill A, Skill B, Linguist expertise",https://example.com/gig/linguist-1,Linguist
Freelance Project: Linguist Expert Needed,PeoplePerHour,Seeking a skilled professional in Linguist for a project on a popular freelance platform.,1033,4181,3,Onsite,"Skill A, Skill B, Linguist expertise",https://example.com/gig/linguist-2,Linguist
Freelance Project: Animator Expert Needed,Guru,Seeking a skilled professional in Animator for a project on a popular freelance platform.,883,4422,6,Onsite,"Skill A, Skill B, Animator expertise",https://example.com/gig/animator-1,Animator
Freelance Project: Animator Expert Needed,PeoplePerHour,Seeking a skilled professional in Animator for a project on a popular freelance platform.,880,3016,2,Hybrid,"Skill A, Skill B, Animator expertise",https://example.com/gig/animator-2,Animator
Freelance Project: Medical Assistant Expert Needed,Toptal,Seeking a skilled professional in Medical Assistant for a project on a popular freelance platform.,1781,2919,4,Remote,"Skill A, Skill B, Medical Assistant expertise",https://example.com/gig/medical-assistant-1,Medical Assistant
Freelance Project: Medical Assistant Expert Needed,Freelancer,Seeking a skilled professional in Medical Assistant for a project on a popular freelance platform.,1247,4763,3,Onsite,"Skill A, Skill B, Medical Assistant expertise",https://example.com/gig/medical-assistant-2,Medical Assistant
Freelance Project: Curator Expert Needed,Upwork,Seeking a skilled professional in Curator for a project on a popular freelance platform.,1242,4379,7,Hybrid,"Skill A, Skill B, Curator expertise",https://example.com/gig/curator-1,Curator
Freelance Project: Curator Expert Needed,Fiverr,Seeking a skilled professional in Curator for a project on a popular freelance platform.,1808,2925,6,Onsite,"Skill A, Skill B, Curator expertise",https://example.com/gig/curator-2,Curator
Freelance Project: Biomedical Engineer Expert Needed,Freelancer,Seeking a skilled professional in Biomedical Engineer for a project on a popular freelance platform.,1177,3949,7,Onsite,"Skill A, Skill B, Biomedical Engineer expertise",https://example.com/gig/biomedical-engineer-1,Biomedical Engineer
Freelance Project: Biomedical Engineer Expert Needed,Upwork,Seeking a skilled professional in Biomedical Engineer for a project on a popular freelance platform.,767,4125,6,Remote,"Skill A, Skill B, Biomedical Engineer expertise",https://example.com/gig/biomedical-engineer-2,Biomedical Engineer
Freelance Project: Forest Ranger Expert Needed,Toptal,Seeking a skilled professional in Forest Ranger for a project on a popular freelance platform.,777,3680,5,Hybrid,"Skill A, Skill B, Forest Ranger expertise",https://example.com/gig/forest-ranger-1,Forest Ranger
Freelance Project: Forest Ranger Expert Needed,PeoplePerHour,Seeking a skilled professional in Forest Ranger for a project on a popular freelance platform.,840,4219,7,Onsite,"Skill A, Skill B, Forest Ranger expertise",https://example.com/gig/forest-ranger-2,Forest Ranger
Freelance Project: Financial Quantitative Analyst Expert Needed,Upwork,Seeking a skilled professional in Financial Quantitative Analyst for a project on a popular freelance platform.,1225,3992,7,Remote,"Skill A, Skill B, Financial Quantitative Analyst expertise",https://example.com/gig/financial-quantitative-analyst-1,Financial Quantitative Analyst
Freelance Project: Financial Quantitative Analyst Expert Needed,PeoplePerHour,Seeking a skilled professional in Financial Quantitative Analyst for a project on a popular freelance platform.,1047,2767,6,Hybrid,"Skill A, Skill B, Financial Quantitative Analyst expertise",https://example.com/gig/financial-quantitative-analyst-2,Financial Quantitative Analyst
Freelance Project: Marine Biologist Expert Needed,Toptal,Seeking a skilled professional in Marine Biologist for a project on a popular freelance platform.,1349,3819,7,Hybrid,"Skill A, Skill B, Marine Biologist expertise",https://example.com/gig/marine-biologist-1,Marine Biologist
Freelance Project: Marine Biologist Expert Needed,PeoplePerHour,Seeking a skilled professional in Marine Biologist for a project on a popular freelance platform.,1236,3205,4,Onsite,"Skill A, Skill B, Marine Biologist expertise",https://example.com/gig/marine-biologist-2,Marine Biologist
Freelance Project: Travel Agent Expert Needed,Upwork,Seeking a skilled professional in Travel Agent for a project on a popular freelance platform.,1096,2684,2,Onsite,"Skill A, Skill B, Travel Agent expertise",https://example.com/gig/travel-agent-1,Travel Agent
Freelance Project: Travel Agent Expert Needed,Fiverr,Seeking a skilled professional in Travel Agent for a project on a popular freelance platform.,1553,3096,6,Onsite,"Skill A, Skill B, Travel Agent expertise",https://example.com/gig/travel-agent-2,Travel Agent
Freelance Project: Pharmacist Expert Needed,Toptal,Seeking a skilled professional in Pharmacist for a project on a popular freelance platform.,1935,4217,6,Remote,"Skill A, Skill B, Pharmacist expertise",https://example.com/gig/pharmacist-1,Pharmacist
Freelance Project: Pharmacist Expert Needed,Toptal,Seeking a skilled professional in Pharmacist for a project on a popular freelance platform.,1865,4515,5,Onsite,"Skill A, Skill B, Pharmacist expertise",https://example.com/gig/pharmacist-2,Pharmacist
Freelance Project: Market Research Analyst Expert Needed,Guru,Seeking a skilled professional in Market Research Analyst for a project on a popular freelance platform.,693,3714,3,Hybrid,"Skill A, Skill B, Market Research Analyst expertise",https://example.com/gig/market-research-analyst-1,Market Research Analyst
Freelance Project: Market Research Analyst Expert Needed,PeoplePerHour,Seeking a skilled professional in Market Research Analyst for a project on a popular freelance platform.,736,4161,3,Hybrid,"Skill A, Skill B, Market Research Analyst expertise",https://example.com/gig/market-research-analyst-2,Market Research Analyst
Freelance Project: School Counselor Expert Needed,Freelancer,Seeking a skilled professional in School Counselor for a project on a popular freelance platform.,1006,2962,3,Onsite,"Skill A, Skill B, School Counselor expertise",https://example.com/gig/school-counselor-1,School Counselor
Freelance Project: School Counselor Expert Needed,Fiverr,Seeking a skilled professional in School Counselor for a project on a popular freelance platform.,798,3074,2,Hybrid,"Skill A, Skill B, School Counselor expertise",https://example.com/gig/school-counselor-2,School Counselor
Freelance Project: Urban Farmer Expert Needed,Toptal,Seeking a skilled professional in Urban Farmer for a project on a popular freelance platform.,1557,2714,4,Onsite,"Skill A, Skill B, Urban Farmer expertise",https://example.com/gig/urban-farmer-1,Urban Farmer
Freelance Project: Urban Farmer Expert Needed,Upwork,Seeking a skilled professional in Urban Farmer for a project on a popular freelance platform.,1576,3511,7,Remote,"Skill A, Skill B, Urban Farmer expertise",https://example.com/gig/urban-farmer-2,Urban Farmer
Freelance Project: Event Planner Expert Needed,Toptal,Seeking a skilled professional in Event Planner for a project on a popular freelance platform.,1994,4015,4,Remote,"Skill A, Skill B, Event Planner expertise",https://example.com/gig/event-planner-1,Event Planner
Freelance Project: Event Planner Expert Needed,Toptal,Seeking a skilled professional in Event Planner for a project on a popular freelance platform.,822,3536,7,Hybrid,"Skill A, Skill B, Event Planner expertise",https://example.com/gig/event-planner-2,Event Planner
Freelance Project: Interior Designer Expert Needed,PeoplePerHour,Seeking a skilled professional in Interior Designer for a project on a popular freelance platform.,989,3143,5,Onsite,"Skill A, Skill B, Interior Designer expertise",https://example.com/gig/interior-designer-1,Interior Designer
Freelance Project: Interior Designer Expert Needed,Upwork,Seeking a skilled professional in Interior Designer for a project on a popular freelance platform.,1388,3989,4,Hybrid,"Skill A, Skill B, Interior Designer expertise",https://example.com/gig/interior-designer-2,Interior Designer
Freelance Project: Graphic Designer Expert Needed,PeoplePerHour,Seeking a skilled professional in Graphic Designer for a project on a popular freelance platform.,1099,4636,4,Remote,"Skill A, Skill B, Graphic Designer expertise",https://example.com/gig/graphic-designer-1,Graphic Designer
Freelance Project: Graphic Designer Expert Needed,Fiverr,Seeking a skilled professional in Graphic Designer for a project on a popular freelance platform.,1179,3015,5,Onsite,"Skill A, Skill B, Graphic Designer expertise",https://example.com/gig/graphic-designer-2,Graphic Designer
